"gsid","index_no","station","district","year","month","days","rainfall_sum"
"366","1030","Kathmandu Airport","Kathmandu","2017","01","01","0.1"
"366","1030","Kathmandu Airport","Kathmandu","2017","01","02","0.1"
"366","1030","Kathmandu Airport","Kathmandu","2017","01","03","1.5"
"366","1030","Kathmandu Airport","Kathmandu","2017","01","04","0"
"366","1030","Kathmandu Airport","Kathmandu","2017","01","05","0"
"366","1030","Kathmandu Airport","Kathmandu","2017","01","06","0"
"366","1030","Kathmandu Airport","Kathmandu","2017","01","07","0"
"366","1030","Kathmandu Airport","Kathmandu","2017","01","08","0"
"366","1030","Kathmandu Airport","Kathmandu","2017","01","09","0"
"366","1030","Kathmandu Airport","Kathmandu","2017","01","10","0"
"366","1030","Kathmandu Airport","Kathmandu","2017","01","11","0"
"366","1030","Kathmandu Airport","Kathmandu","2017","01","12","0"
"366","1030","Kathmandu Airport","Kathmandu","2017","01","13","0"
"366","1030","Kathmandu Airport","Kathmandu","2017","01","14","0"
"366","1030","Kathmandu Airport","Kathmandu","2017","01","15","0"
"366","1030","Kathmandu Airport","Kathmandu","2017","01","16","0"
"366","1030","Kathmandu Airport","Kathmandu","2017","01","17","0"
"366","1030","Kathmandu Airport","Kathmandu","2017","01","18","0"
"366","1030","Kathmandu Airport","Kathmandu","2017","01","19","0"
"366","1030","Kathmandu Airport","Kathmandu","2017","01","20","0"
"366","1030","Kathmandu Airport","Kathmandu","2017","01","21","0"
"366","1030","Kathmandu Airport","Kathmandu","2017","01","22","0"
"366","1030","Kathmandu Airport","Kathmandu","2017","01","23","0"
"366","1030","Kathmandu Airport","Kathmandu","2017","01","24","0"
"366","1030","Kathmandu Airport","Kathmandu","2017","01","25","0"
"366","1030","Kathmandu Airport","Kathmandu","2017","01","26","0"
"366","1030","Kathmandu Airport","Kathmandu","2017","01","27","0"
"366","1030","Kathmandu Airport","Kathmandu","2017","01","28","11.6"
"366","1030","Kathmandu Airport","Kathmandu","2017","01","29","0"
"366","1030","Kathmandu Airport","Kathmandu","2017","01","30","0"
"366","1030","Kathmandu Airport","Kathmandu","2017","01","31","0"
"366","1030","Kathmandu Airport","Kathmandu","2017","02","01","0"
"366","1030","Kathmandu Airport","Kathmandu","2017","02","02","0"
"366","1030","Kathmandu Airport","Kathmandu","2017","02","03","0"
"366","1030","Kathmandu Airport","Kathmandu","2017","02","04","0"
"366","1030","Kathmandu Airport","Kathmandu","2017","02","05","0"
"366","1030","Kathmandu Airport","Kathmandu","2017","02","06","0"
"366","1030","Kathmandu Airport","Kathmandu","2017","02","07","0"
"366","1030","Kathmandu Airport","Kathmandu","2017","02","08","0"
"366","1030","Kathmandu Airport","Kathmandu","2017","02","09","0"
"366","1030","Kathmandu Airport","Kathmandu","2017","02","10","0"
"366","1030","Kathmandu Airport","Kathmandu","2017","02","11","0"
"366","1030","Kathmandu Airport","Kathmandu","2017","02","12","0"
"366","1030","Kathmandu Airport","Kathmandu","2017","02","13","0"
"366","1030","Kathmandu Airport","Kathmandu","2017","02","14","0"
"366","1030","Kathmandu Airport","Kathmandu","2017","02","15","0"
"366","1030","Kathmandu Airport","Kathmandu","2017","02","16","0"
"366","1030","Kathmandu Airport","Kathmandu","2017","02","17","0"
"366","1030","Kathmandu Airport","Kathmandu","2017","02","18","0"
"366","1030","Kathmandu Airport","Kathmandu","2017","02","19","0"
"366","1030","Kathmandu Airport","Kathmandu","2017","02","20","0"
"366","1030","Kathmandu Airport","Kathmandu","2017","02","21","0.5"
"366","1030","Kathmandu Airport","Kathmandu","2017","02","22","0"
"366","1030","Kathmandu Airport","Kathmandu","2017","02","23","0"
"366","1030","Kathmandu Airport","Kathmandu","2017","02","24","0"
"366","1030","Kathmandu Airport","Kathmandu","2017","02","25","0"
"366","1030","Kathmandu Airport","Kathmandu","2017","02","26","0"
"366","1030","Kathmandu Airport","Kathmandu","2017","02","27","0"
"366","1030","Kathmandu Airport","Kathmandu","2017","02","28","0"
"366","1030","Kathmandu Airport","Kathmandu","2017","03","01","0"
"366","1030","Kathmandu Airport","Kathmandu","2017","03","02","0"
"366","1030","Kathmandu Airport","Kathmandu","2017","03","03","1.5"
"366","1030","Kathmandu Airport","Kathmandu","2017","03","04","0"
"366","1030","Kathmandu Airport","Kathmandu","2017","03","05","0"
"366","1030","Kathmandu Airport","Kathmandu","2017","03","06","0"
"366","1030","Kathmandu Airport","Kathmandu","2017","03","07","0"
"366","1030","Kathmandu Airport","Kathmandu","2017","03","08","0"
"366","1030","Kathmandu Airport","Kathmandu","2017","03","09","0"
"366","1030","Kathmandu Airport","Kathmandu","2017","03","10","0"
"366","1030","Kathmandu Airport","Kathmandu","2017","03","11","35.7"
"366","1030","Kathmandu Airport","Kathmandu","2017","03","12","65"
"366","1030","Kathmandu Airport","Kathmandu","2017","03","13","0"
"366","1030","Kathmandu Airport","Kathmandu","2017","03","14","0"
"366","1030","Kathmandu Airport","Kathmandu","2017","03","15","0"
"366","1030","Kathmandu Airport","Kathmandu","2017","03","16","0"
"366","1030","Kathmandu Airport","Kathmandu","2017","03","17","0.1"
"366","1030","Kathmandu Airport","Kathmandu","2017","03","18","2"
"366","1030","Kathmandu Airport","Kathmandu","2017","03","19","4.9"
"366","1030","Kathmandu Airport","Kathmandu","2017","03","20","0"
"366","1030","Kathmandu Airport","Kathmandu","2017","03","21","0.4"
"366","1030","Kathmandu Airport","Kathmandu","2017","03","22","0"
"366","1030","Kathmandu Airport","Kathmandu","2017","03","23","0"
"366","1030","Kathmandu Airport","Kathmandu","2017","03","24","0"
"366","1030","Kathmandu Airport","Kathmandu","2017","03","25","15.5"
"366","1030","Kathmandu Airport","Kathmandu","2017","03","26","0"
"366","1030","Kathmandu Airport","Kathmandu","2017","03","27","0"
"366","1030","Kathmandu Airport","Kathmandu","2017","03","28","0"
"366","1030","Kathmandu Airport","Kathmandu","2017","03","29","2.7"
"366","1030","Kathmandu Airport","Kathmandu","2017","03","30","7.2"
"366","1030","Kathmandu Airport","Kathmandu","2017","03","31","0"
"366","1030","Kathmandu Airport","Kathmandu","2017","04","01","0"
"366","1030","Kathmandu Airport","Kathmandu","2017","04","02","6.2"
"366","1030","Kathmandu Airport","Kathmandu","2017","04","03","0"
"366","1030","Kathmandu Airport","Kathmandu","2017","04","04","6.5"
"366","1030","Kathmandu Airport","Kathmandu","2017","04","05","0"
"366","1030","Kathmandu Airport","Kathmandu","2017","04","06","0"
"366","1030","Kathmandu Airport","Kathmandu","2017","04","07","0"
"366","1030","Kathmandu Airport","Kathmandu","2017","04","08","5"
"366","1030","Kathmandu Airport","Kathmandu","2017","04","09","0"
"366","1030","Kathmandu Airport","Kathmandu","2017","04","10","0"
"366","1030","Kathmandu Airport","Kathmandu","2017","04","11","0"
"366","1030","Kathmandu Airport","Kathmandu","2017","04","12","0"
"366","1030","Kathmandu Airport","Kathmandu","2017","04","13","0"
"366","1030","Kathmandu Airport","Kathmandu","2017","04","14","0"
"366","1030","Kathmandu Airport","Kathmandu","2017","04","15","2.5"
"366","1030","Kathmandu Airport","Kathmandu","2017","04","16","0.3"
"366","1030","Kathmandu Airport","Kathmandu","2017","04","17","0"
"366","1030","Kathmandu Airport","Kathmandu","2017","04","18","0"
"366","1030","Kathmandu Airport","Kathmandu","2017","04","19","0"
"366","1030","Kathmandu Airport","Kathmandu","2017","04","20","0.7"
"366","1030","Kathmandu Airport","Kathmandu","2017","04","21","12.2"
"366","1030","Kathmandu Airport","Kathmandu","2017","04","22","1.2"
"366","1030","Kathmandu Airport","Kathmandu","2017","04","23","24"
"366","1030","Kathmandu Airport","Kathmandu","2017","04","24","0.5"
"366","1030","Kathmandu Airport","Kathmandu","2017","04","25","0"
"366","1030","Kathmandu Airport","Kathmandu","2017","04","26","0"
"366","1030","Kathmandu Airport","Kathmandu","2017","04","27","0"
"366","1030","Kathmandu Airport","Kathmandu","2017","04","28","0"
"366","1030","Kathmandu Airport","Kathmandu","2017","04","29","0"
"366","1030","Kathmandu Airport","Kathmandu","2017","04","30","16.6"
"366","1030","Kathmandu Airport","Kathmandu","2017","05","01","3.5"
"366","1030","Kathmandu Airport","Kathmandu","2017","05","02","11.1"
"366","1030","Kathmandu Airport","Kathmandu","2017","05","03","0"
"366","1030","Kathmandu Airport","Kathmandu","2017","05","04","0.5"
"366","1030","Kathmandu Airport","Kathmandu","2017","05","05","12.8"
"366","1030","Kathmandu Airport","Kathmandu","2017","05","06","0"
"366","1030","Kathmandu Airport","Kathmandu","2017","05","07","0.1"
"366","1030","Kathmandu Airport","Kathmandu","2017","05","08","0"
"366","1030","Kathmandu Airport","Kathmandu","2017","05","09","15.5"
"366","1030","Kathmandu Airport","Kathmandu","2017","05","10","2.2"
"366","1030","Kathmandu Airport","Kathmandu","2017","05","11","0"
"366","1030","Kathmandu Airport","Kathmandu","2017","05","12","3.7"
"366","1030","Kathmandu Airport","Kathmandu","2017","05","13","0"
"366","1030","Kathmandu Airport","Kathmandu","2017","05","14","0"
"366","1030","Kathmandu Airport","Kathmandu","2017","05","15","3.6"
"366","1030","Kathmandu Airport","Kathmandu","2017","05","16","40.6"
"366","1030","Kathmandu Airport","Kathmandu","2017","05","17","0.6"
"366","1030","Kathmandu Airport","Kathmandu","2017","05","18","0"
"366","1030","Kathmandu Airport","Kathmandu","2017","05","19","0"
"366","1030","Kathmandu Airport","Kathmandu","2017","05","20","0"
"366","1030","Kathmandu Airport","Kathmandu","2017","05","21","0"
"366","1030","Kathmandu Airport","Kathmandu","2017","05","22","2.4"
"366","1030","Kathmandu Airport","Kathmandu","2017","05","23","0.5"
"366","1030","Kathmandu Airport","Kathmandu","2017","05","24","0"
"366","1030","Kathmandu Airport","Kathmandu","2017","05","25","2.2"
"366","1030","Kathmandu Airport","Kathmandu","2017","05","26","0"
"366","1030","Kathmandu Airport","Kathmandu","2017","05","27","23.4"
"366","1030","Kathmandu Airport","Kathmandu","2017","05","28","3.2"
"366","1030","Kathmandu Airport","Kathmandu","2017","05","29","0"
"366","1030","Kathmandu Airport","Kathmandu","2017","05","30","0"
"366","1030","Kathmandu Airport","Kathmandu","2017","05","31","1.5"
"366","1030","Kathmandu Airport","Kathmandu","2017","06","01","0"
"366","1030","Kathmandu Airport","Kathmandu","2017","06","02","0"
"366","1030","Kathmandu Airport","Kathmandu","2017","06","03","0"
"366","1030","Kathmandu Airport","Kathmandu","2017","06","04","0"
"366","1030","Kathmandu Airport","Kathmandu","2017","06","05","0"
"366","1030","Kathmandu Airport","Kathmandu","2017","06","06","0.6"
"366","1030","Kathmandu Airport","Kathmandu","2017","06","07","0"
"366","1030","Kathmandu Airport","Kathmandu","2017","06","08","0"
"366","1030","Kathmandu Airport","Kathmandu","2017","06","09","0.7"
"366","1030","Kathmandu Airport","Kathmandu","2017","06","10","11.5"
"366","1030","Kathmandu Airport","Kathmandu","2017","06","11","0"
"366","1030","Kathmandu Airport","Kathmandu","2017","06","12","0"
"366","1030","Kathmandu Airport","Kathmandu","2017","06","13","0"
"366","1030","Kathmandu Airport","Kathmandu","2017","06","14","0"
"366","1030","Kathmandu Airport","Kathmandu","2017","06","15","0"
"366","1030","Kathmandu Airport","Kathmandu","2017","06","16","0"
"366","1030","Kathmandu Airport","Kathmandu","2017","06","17","3.6"
"366","1030","Kathmandu Airport","Kathmandu","2017","06","18","0.2"
"366","1030","Kathmandu Airport","Kathmandu","2017","06","19","0"
"366","1030","Kathmandu Airport","Kathmandu","2017","06","20","0"
"366","1030","Kathmandu Airport","Kathmandu","2017","06","21","17.5"
"366","1030","Kathmandu Airport","Kathmandu","2017","06","22","6.5"
"366","1030","Kathmandu Airport","Kathmandu","2017","06","23","0"
"366","1030","Kathmandu Airport","Kathmandu","2017","06","24","12.5"
"366","1030","Kathmandu Airport","Kathmandu","2017","06","25","30.5"
"366","1030","Kathmandu Airport","Kathmandu","2017","06","26","23.4"
"366","1030","Kathmandu Airport","Kathmandu","2017","06","27","1.2"
"366","1030","Kathmandu Airport","Kathmandu","2017","06","28","5.4"
"366","1030","Kathmandu Airport","Kathmandu","2017","06","29","5.2"
"366","1030","Kathmandu Airport","Kathmandu","2017","06","30","1.8"
"366","1030","Kathmandu Airport","Kathmandu","2017","07","01","0"
"366","1030","Kathmandu Airport","Kathmandu","2017","07","02","2.6"
"366","1030","Kathmandu Airport","Kathmandu","2017","07","03","4"
"366","1030","Kathmandu Airport","Kathmandu","2017","07","04","24.5"
"366","1030","Kathmandu Airport","Kathmandu","2017","07","05","1"
"366","1030","Kathmandu Airport","Kathmandu","2017","07","06","5.1"
"366","1030","Kathmandu Airport","Kathmandu","2017","07","07","2"
"366","1030","Kathmandu Airport","Kathmandu","2017","07","08","0"
"366","1030","Kathmandu Airport","Kathmandu","2017","07","09","14.4"
"366","1030","Kathmandu Airport","Kathmandu","2017","07","10","19.6"
"366","1030","Kathmandu Airport","Kathmandu","2017","07","11","2.5"
"366","1030","Kathmandu Airport","Kathmandu","2017","07","12","0"
"366","1030","Kathmandu Airport","Kathmandu","2017","07","13","0"
"366","1030","Kathmandu Airport","Kathmandu","2017","07","14","0"
"366","1030","Kathmandu Airport","Kathmandu","2017","07","15","16"
"366","1030","Kathmandu Airport","Kathmandu","2017","07","16","9.8"
"366","1030","Kathmandu Airport","Kathmandu","2017","07","17","13"
"366","1030","Kathmandu Airport","Kathmandu","2017","07","18","1.7"
"366","1030","Kathmandu Airport","Kathmandu","2017","07","19","3.6"
"366","1030","Kathmandu Airport","Kathmandu","2017","07","20","8.2"
"366","1030","Kathmandu Airport","Kathmandu","2017","07","21","7.5"
"366","1030","Kathmandu Airport","Kathmandu","2017","07","22","2.8"
"366","1030","Kathmandu Airport","Kathmandu","2017","07","23","5.1"
"366","1030","Kathmandu Airport","Kathmandu","2017","07","24","30.5"
"366","1030","Kathmandu Airport","Kathmandu","2017","07","25","4.8"
"366","1030","Kathmandu Airport","Kathmandu","2017","07","26","8"
"366","1030","Kathmandu Airport","Kathmandu","2017","07","27","0.4"
"366","1030","Kathmandu Airport","Kathmandu","2017","07","28","0"
"366","1030","Kathmandu Airport","Kathmandu","2017","07","29","33.2"
"366","1030","Kathmandu Airport","Kathmandu","2017","07","30","61.5"
"366","1030","Kathmandu Airport","Kathmandu","2017","07","31","0.4"
"366","1030","Kathmandu Airport","Kathmandu","2017","08","01","1.5"
"366","1030","Kathmandu Airport","Kathmandu","2017","08","02","10"
"366","1030","Kathmandu Airport","Kathmandu","2017","08","03","38.5"
"366","1030","Kathmandu Airport","Kathmandu","2017","08","04","1"
"366","1030","Kathmandu Airport","Kathmandu","2017","08","05","6.5"
"366","1030","Kathmandu Airport","Kathmandu","2017","08","06","8"
"366","1030","Kathmandu Airport","Kathmandu","2017","08","07","9.5"
"366","1030","Kathmandu Airport","Kathmandu","2017","08","08","0.3"
"366","1030","Kathmandu Airport","Kathmandu","2017","08","09","10.5"
"366","1030","Kathmandu Airport","Kathmandu","2017","08","10","8.9"
"366","1030","Kathmandu Airport","Kathmandu","2017","08","11","19.2"
"366","1030","Kathmandu Airport","Kathmandu","2017","08","12","11"
"366","1030","Kathmandu Airport","Kathmandu","2017","08","13","47.1"
"366","1030","Kathmandu Airport","Kathmandu","2017","08","14","3.3"
"366","1030","Kathmandu Airport","Kathmandu","2017","08","15","0.6"
"366","1030","Kathmandu Airport","Kathmandu","2017","08","16","4.5"
"366","1030","Kathmandu Airport","Kathmandu","2017","08","17","0"
"366","1030","Kathmandu Airport","Kathmandu","2017","08","18","0"
"366","1030","Kathmandu Airport","Kathmandu","2017","08","19","2.5"
"366","1030","Kathmandu Airport","Kathmandu","2017","08","20","6.2"
"366","1030","Kathmandu Airport","Kathmandu","2017","08","21","14.8"
"366","1030","Kathmandu Airport","Kathmandu","2017","08","22","14.1"
"366","1030","Kathmandu Airport","Kathmandu","2017","08","23","42"
"366","1030","Kathmandu Airport","Kathmandu","2017","08","24","0.4"
"366","1030","Kathmandu Airport","Kathmandu","2017","08","25","3.1"
"366","1030","Kathmandu Airport","Kathmandu","2017","08","26","35.4"
"366","1030","Kathmandu Airport","Kathmandu","2017","08","27","0"
"366","1030","Kathmandu Airport","Kathmandu","2017","08","28","6.7"
"366","1030","Kathmandu Airport","Kathmandu","2017","08","29","0"
"366","1030","Kathmandu Airport","Kathmandu","2017","08","30","0"
"366","1030","Kathmandu Airport","Kathmandu","2017","08","31","55"
"366","1030","Kathmandu Airport","Kathmandu","2017","09","01","0"
"366","1030","Kathmandu Airport","Kathmandu","2017","09","02","32.5"
"366","1030","Kathmandu Airport","Kathmandu","2017","09","03","11"
"366","1030","Kathmandu Airport","Kathmandu","2017","09","04","0"
"366","1030","Kathmandu Airport","Kathmandu","2017","09","05","0"
"366","1030","Kathmandu Airport","Kathmandu","2017","09","06","0"
"366","1030","Kathmandu Airport","Kathmandu","2017","09","07","0.5"
"366","1030","Kathmandu Airport","Kathmandu","2017","09","08","7.5"
"366","1030","Kathmandu Airport","Kathmandu","2017","09","09","0"
"366","1030","Kathmandu Airport","Kathmandu","2017","09","10","0"
"366","1030","Kathmandu Airport","Kathmandu","2017","09","11","0"
"366","1030","Kathmandu Airport","Kathmandu","2017","09","12","9.2"
"366","1030","Kathmandu Airport","Kathmandu","2017","09","13","0"
"366","1030","Kathmandu Airport","Kathmandu","2017","09","14","0"
"366","1030","Kathmandu Airport","Kathmandu","2017","09","15","0"
"366","1030","Kathmandu Airport","Kathmandu","2017","09","16","0"
"366","1030","Kathmandu Airport","Kathmandu","2017","09","17","0.1"
"366","1030","Kathmandu Airport","Kathmandu","2017","09","18","11.3"
"366","1030","Kathmandu Airport","Kathmandu","2017","09","19","1.5"
"366","1030","Kathmandu Airport","Kathmandu","2017","09","20","0.2"
"366","1030","Kathmandu Airport","Kathmandu","2017","09","21","7.2"
"366","1030","Kathmandu Airport","Kathmandu","2017","09","22","0.5"
"366","1030","Kathmandu Airport","Kathmandu","2017","09","23","0"
"366","1030","Kathmandu Airport","Kathmandu","2017","09","24","0"
"366","1030","Kathmandu Airport","Kathmandu","2017","09","25","0"
"366","1030","Kathmandu Airport","Kathmandu","2017","09","26","0"
"366","1030","Kathmandu Airport","Kathmandu","2017","09","27","0"
"366","1030","Kathmandu Airport","Kathmandu","2017","09","28","0"
"366","1030","Kathmandu Airport","Kathmandu","2017","09","29","0"
"366","1030","Kathmandu Airport","Kathmandu","2017","09","30","17"
"366","1030","Kathmandu Airport","Kathmandu","2017","10","01","0.5"
"366","1030","Kathmandu Airport","Kathmandu","2017","10","02","7.2"
"366","1030","Kathmandu Airport","Kathmandu","2017","10","03","12.9"
"366","1030","Kathmandu Airport","Kathmandu","2017","10","04","0"
"366","1030","Kathmandu Airport","Kathmandu","2017","10","05","0"
"366","1030","Kathmandu Airport","Kathmandu","2017","10","06","1.5"
"366","1030","Kathmandu Airport","Kathmandu","2017","10","07","11"
"366","1030","Kathmandu Airport","Kathmandu","2017","10","08","0"
"366","1030","Kathmandu Airport","Kathmandu","2017","10","09","0"
"366","1030","Kathmandu Airport","Kathmandu","2017","10","10","0"
"366","1030","Kathmandu Airport","Kathmandu","2017","10","11","0"
"366","1030","Kathmandu Airport","Kathmandu","2017","10","12","0"
"366","1030","Kathmandu Airport","Kathmandu","2017","10","13","0"
"366","1030","Kathmandu Airport","Kathmandu","2017","10","14","0"
"366","1030","Kathmandu Airport","Kathmandu","2017","10","15","0"
"366","1030","Kathmandu Airport","Kathmandu","2017","10","16","0"
"366","1030","Kathmandu Airport","Kathmandu","2017","10","17","0"
"366","1030","Kathmandu Airport","Kathmandu","2017","10","18","0"
"366","1030","Kathmandu Airport","Kathmandu","2017","10","19","0"
"366","1030","Kathmandu Airport","Kathmandu","2017","10","20","0"
"366","1030","Kathmandu Airport","Kathmandu","2017","10","21","0"
"366","1030","Kathmandu Airport","Kathmandu","2017","10","22","0"
"366","1030","Kathmandu Airport","Kathmandu","2017","10","23","0"
"366","1030","Kathmandu Airport","Kathmandu","2017","10","24","0"
"366","1030","Kathmandu Airport","Kathmandu","2017","10","25","0"
"366","1030","Kathmandu Airport","Kathmandu","2017","10","26","0"
"366","1030","Kathmandu Airport","Kathmandu","2017","10","27","0"
"366","1030","Kathmandu Airport","Kathmandu","2017","10","28","0"
"366","1030","Kathmandu Airport","Kathmandu","2017","10","29","26.3"
"366","1030","Kathmandu Airport","Kathmandu","2017","10","30","4"
"366","1030","Kathmandu Airport","Kathmandu","2017","10","31","0.5"
"366","1030","Kathmandu Airport","Kathmandu","2017","11","01","1.5"
"366","1030","Kathmandu Airport","Kathmandu","2017","11","02","0"
"366","1030","Kathmandu Airport","Kathmandu","2017","11","03","0"
"366","1030","Kathmandu Airport","Kathmandu","2017","11","04","0"
"366","1030","Kathmandu Airport","Kathmandu","2017","11","05","0"
"366","1030","Kathmandu Airport","Kathmandu","2017","11","06","0"
"366","1030","Kathmandu Airport","Kathmandu","2017","11","07","0"
"366","1030","Kathmandu Airport","Kathmandu","2017","11","08","0"
"366","1030","Kathmandu Airport","Kathmandu","2017","11","09","0"
"366","1030","Kathmandu Airport","Kathmandu","2017","11","10","0"
"366","1030","Kathmandu Airport","Kathmandu","2017","11","11","0"
"366","1030","Kathmandu Airport","Kathmandu","2017","11","12","0"
"366","1030","Kathmandu Airport","Kathmandu","2017","11","13","0"
"366","1030","Kathmandu Airport","Kathmandu","2017","11","14","0"
"366","1030","Kathmandu Airport","Kathmandu","2017","11","15","0"
"366","1030","Kathmandu Airport","Kathmandu","2017","11","16","0"
"366","1030","Kathmandu Airport","Kathmandu","2017","11","17","0"
"366","1030","Kathmandu Airport","Kathmandu","2017","11","18","0"
"366","1030","Kathmandu Airport","Kathmandu","2017","11","19","0"
"366","1030","Kathmandu Airport","Kathmandu","2017","11","20","0"
"366","1030","Kathmandu Airport","Kathmandu","2017","11","21","0"
"366","1030","Kathmandu Airport","Kathmandu","2017","11","22","0"
"366","1030","Kathmandu Airport","Kathmandu","2017","11","23","0"
"366","1030","Kathmandu Airport","Kathmandu","2017","11","24","0"
"366","1030","Kathmandu Airport","Kathmandu","2017","11","25","0"
"366","1030","Kathmandu Airport","Kathmandu","2017","11","26","0"
"366","1030","Kathmandu Airport","Kathmandu","2017","11","27","0"
"366","1030","Kathmandu Airport","Kathmandu","2017","11","28","0"
"366","1030","Kathmandu Airport","Kathmandu","2017","11","29","0"
"366","1030","Kathmandu Airport","Kathmandu","2017","11","30","0"
"366","1030","Kathmandu Airport","Kathmandu","2017","12","01","0"
"366","1030","Kathmandu Airport","Kathmandu","2017","12","02","0"
"366","1030","Kathmandu Airport","Kathmandu","2017","12","03","0"
"366","1030","Kathmandu Airport","Kathmandu","2017","12","04","0"
"366","1030","Kathmandu Airport","Kathmandu","2017","12","05","0"
"366","1030","Kathmandu Airport","Kathmandu","2017","12","06","0.1"
"366","1030","Kathmandu Airport","Kathmandu","2017","12","07","0"
"366","1030","Kathmandu Airport","Kathmandu","2017","12","08","0"
"366","1030","Kathmandu Airport","Kathmandu","2017","12","09","0"
"366","1030","Kathmandu Airport","Kathmandu","2017","12","10","0"
"366","1030","Kathmandu Airport","Kathmandu","2017","12","11","0"
"366","1030","Kathmandu Airport","Kathmandu","2017","12","12","0"
"366","1030","Kathmandu Airport","Kathmandu","2017","12","13","0"
"366","1030","Kathmandu Airport","Kathmandu","2017","12","14","0"
"366","1030","Kathmandu Airport","Kathmandu","2017","12","15","0"
"366","1030","Kathmandu Airport","Kathmandu","2017","12","16","0"
"366","1030","Kathmandu Airport","Kathmandu","2017","12","17","0"
"366","1030","Kathmandu Airport","Kathmandu","2017","12","18","0"
"366","1030","Kathmandu Airport","Kathmandu","2017","12","19","0"
"366","1030","Kathmandu Airport","Kathmandu","2017","12","20","0"
"366","1030","Kathmandu Airport","Kathmandu","2017","12","21","0"
"366","1030","Kathmandu Airport","Kathmandu","2017","12","22","0"
"366","1030","Kathmandu Airport","Kathmandu","2017","12","23","0"
"366","1030","Kathmandu Airport","Kathmandu","2017","12","24","0"
"366","1030","Kathmandu Airport","Kathmandu","2017","12","25","0"
"366","1030","Kathmandu Airport","Kathmandu","2017","12","26","0"
"366","1030","Kathmandu Airport","Kathmandu","2017","12","27","0"
"366","1030","Kathmandu Airport","Kathmandu","2017","12","28","0"
"366","1030","Kathmandu Airport","Kathmandu","2017","12","29","0"
"366","1030","Kathmandu Airport","Kathmandu","2017","12","30","0"
"366","1030","Kathmandu Airport","Kathmandu","2017","12","31","0"
"366","1030","Kathmandu Airport","Kathmandu","2018","01","01","0"
"366","1030","Kathmandu Airport","Kathmandu","2018","01","02","0"
"366","1030","Kathmandu Airport","Kathmandu","2018","01","03","0"
"366","1030","Kathmandu Airport","Kathmandu","2018","01","04","0"
"366","1030","Kathmandu Airport","Kathmandu","2018","01","05","0"
"366","1030","Kathmandu Airport","Kathmandu","2018","01","06","0"
"366","1030","Kathmandu Airport","Kathmandu","2018","01","07","0"
"366","1030","Kathmandu Airport","Kathmandu","2018","01","08","0"
"366","1030","Kathmandu Airport","Kathmandu","2018","01","09","0"
"366","1030","Kathmandu Airport","Kathmandu","2018","01","10","0"
"366","1030","Kathmandu Airport","Kathmandu","2018","01","11","0"
"366","1030","Kathmandu Airport","Kathmandu","2018","01","12","0"
"366","1030","Kathmandu Airport","Kathmandu","2018","01","13","0"
"366","1030","Kathmandu Airport","Kathmandu","2018","01","14","0"
"366","1030","Kathmandu Airport","Kathmandu","2018","01","15","0"
"366","1030","Kathmandu Airport","Kathmandu","2018","01","16","0"
"366","1030","Kathmandu Airport","Kathmandu","2018","01","17","0"
"366","1030","Kathmandu Airport","Kathmandu","2018","01","18","0"
"366","1030","Kathmandu Airport","Kathmandu","2018","01","19","0"
"366","1030","Kathmandu Airport","Kathmandu","2018","01","20","0"
"366","1030","Kathmandu Airport","Kathmandu","2018","01","21","0"
"366","1030","Kathmandu Airport","Kathmandu","2018","01","22","0"
"366","1030","Kathmandu Airport","Kathmandu","2018","01","23","0"
"366","1030","Kathmandu Airport","Kathmandu","2018","01","24","1.5"
"366","1030","Kathmandu Airport","Kathmandu","2018","01","25","4.6"
"366","1030","Kathmandu Airport","Kathmandu","2018","01","26","0"
"366","1030","Kathmandu Airport","Kathmandu","2018","01","27","0"
"366","1030","Kathmandu Airport","Kathmandu","2018","01","28","0"
"366","1030","Kathmandu Airport","Kathmandu","2018","01","29","0"
"366","1030","Kathmandu Airport","Kathmandu","2018","01","30","0"
"366","1030","Kathmandu Airport","Kathmandu","2018","01","31","0"
"366","1030","Kathmandu Airport","Kathmandu","2018","02","01","0"
"366","1030","Kathmandu Airport","Kathmandu","2018","02","02","0"
"366","1030","Kathmandu Airport","Kathmandu","2018","02","03","0"
"366","1030","Kathmandu Airport","Kathmandu","2018","02","04","0"
"366","1030","Kathmandu Airport","Kathmandu","2018","02","05","0"
"366","1030","Kathmandu Airport","Kathmandu","2018","02","06","0"
"366","1030","Kathmandu Airport","Kathmandu","2018","02","07","0"
"366","1030","Kathmandu Airport","Kathmandu","2018","02","08","0"
"366","1030","Kathmandu Airport","Kathmandu","2018","02","09","0"
"366","1030","Kathmandu Airport","Kathmandu","2018","02","10","0"
"366","1030","Kathmandu Airport","Kathmandu","2018","02","11","0"
"366","1030","Kathmandu Airport","Kathmandu","2018","02","12","1.5"
"366","1030","Kathmandu Airport","Kathmandu","2018","02","13","0"
"366","1030","Kathmandu Airport","Kathmandu","2018","02","14","0"
"366","1030","Kathmandu Airport","Kathmandu","2018","02","15","0"
"366","1030","Kathmandu Airport","Kathmandu","2018","02","16","0"
"366","1030","Kathmandu Airport","Kathmandu","2018","02","17","0"
"366","1030","Kathmandu Airport","Kathmandu","2018","02","18","0"
"366","1030","Kathmandu Airport","Kathmandu","2018","02","19","0"
"366","1030","Kathmandu Airport","Kathmandu","2018","02","20","0"
"366","1030","Kathmandu Airport","Kathmandu","2018","02","21","0"
"366","1030","Kathmandu Airport","Kathmandu","2018","02","22","0"
"366","1030","Kathmandu Airport","Kathmandu","2018","02","23","0"
"366","1030","Kathmandu Airport","Kathmandu","2018","02","24","0"
"366","1030","Kathmandu Airport","Kathmandu","2018","02","25","0"
"366","1030","Kathmandu Airport","Kathmandu","2018","02","26","0"
"366","1030","Kathmandu Airport","Kathmandu","2018","02","27","0"
"366","1030","Kathmandu Airport","Kathmandu","2018","02","28","0"
"366","1030","Kathmandu Airport","Kathmandu","2018","03","01","0"
"366","1030","Kathmandu Airport","Kathmandu","2018","03","02","0"
"366","1030","Kathmandu Airport","Kathmandu","2018","03","03","2.6"
"366","1030","Kathmandu Airport","Kathmandu","2018","03","04","0"
"366","1030","Kathmandu Airport","Kathmandu","2018","03","05","0"
"366","1030","Kathmandu Airport","Kathmandu","2018","03","06","0"
"366","1030","Kathmandu Airport","Kathmandu","2018","03","07","0"
"366","1030","Kathmandu Airport","Kathmandu","2018","03","08","0"
"366","1030","Kathmandu Airport","Kathmandu","2018","03","09","0"
"366","1030","Kathmandu Airport","Kathmandu","2018","03","10","0"
"366","1030","Kathmandu Airport","Kathmandu","2018","03","11","0"
"366","1030","Kathmandu Airport","Kathmandu","2018","03","12","14.3"
"366","1030","Kathmandu Airport","Kathmandu","2018","03","13","0.2"
"366","1030","Kathmandu Airport","Kathmandu","2018","03","14","0"
"366","1030","Kathmandu Airport","Kathmandu","2018","03","15","0"
"366","1030","Kathmandu Airport","Kathmandu","2018","03","16","5"
"366","1030","Kathmandu Airport","Kathmandu","2018","03","17","0"
"366","1030","Kathmandu Airport","Kathmandu","2018","03","18","0"
"366","1030","Kathmandu Airport","Kathmandu","2018","03","19","0"
"366","1030","Kathmandu Airport","Kathmandu","2018","03","20","0"
"366","1030","Kathmandu Airport","Kathmandu","2018","03","21","0"
"366","1030","Kathmandu Airport","Kathmandu","2018","03","22","0"
"366","1030","Kathmandu Airport","Kathmandu","2018","03","23","0"
"366","1030","Kathmandu Airport","Kathmandu","2018","03","24","0"
"366","1030","Kathmandu Airport","Kathmandu","2018","03","25","0"
"366","1030","Kathmandu Airport","Kathmandu","2018","03","26","0"
"366","1030","Kathmandu Airport","Kathmandu","2018","03","27","0.6"
"366","1030","Kathmandu Airport","Kathmandu","2018","03","28","0"
"366","1030","Kathmandu Airport","Kathmandu","2018","03","29","3"
"366","1030","Kathmandu Airport","Kathmandu","2018","03","30","2"
"366","1030","Kathmandu Airport","Kathmandu","2018","03","31","0"
"366","1030","Kathmandu Airport","Kathmandu","2018","04","01","11.5"
"366","1030","Kathmandu Airport","Kathmandu","2018","04","02","0"
"366","1030","Kathmandu Airport","Kathmandu","2018","04","03","51.2"
"366","1030","Kathmandu Airport","Kathmandu","2018","04","04","3.2"
"366","1030","Kathmandu Airport","Kathmandu","2018","04","05","17.7"
"366","1030","Kathmandu Airport","Kathmandu","2018","04","06","0"
"366","1030","Kathmandu Airport","Kathmandu","2018","04","07","6.2"
"366","1030","Kathmandu Airport","Kathmandu","2018","04","08","0"
"366","1030","Kathmandu Airport","Kathmandu","2018","04","09","2.8"
"366","1030","Kathmandu Airport","Kathmandu","2018","04","10","0"
"366","1030","Kathmandu Airport","Kathmandu","2018","04","11","0"
"366","1030","Kathmandu Airport","Kathmandu","2018","04","12","0.2"
"366","1030","Kathmandu Airport","Kathmandu","2018","04","13","0"
"366","1030","Kathmandu Airport","Kathmandu","2018","04","14","0"
"366","1030","Kathmandu Airport","Kathmandu","2018","04","15","0"
"366","1030","Kathmandu Airport","Kathmandu","2018","04","16","0"
"366","1030","Kathmandu Airport","Kathmandu","2018","04","17","9.5"
"366","1030","Kathmandu Airport","Kathmandu","2018","04","18","3.2"
"366","1030","Kathmandu Airport","Kathmandu","2018","04","19","0"
"366","1030","Kathmandu Airport","Kathmandu","2018","04","20","1.5"
"366","1030","Kathmandu Airport","Kathmandu","2018","04","21","0"
"366","1030","Kathmandu Airport","Kathmandu","2018","04","22","0"
"366","1030","Kathmandu Airport","Kathmandu","2018","04","23","0"
"366","1030","Kathmandu Airport","Kathmandu","2018","04","24","0"
"366","1030","Kathmandu Airport","Kathmandu","2018","04","25","0"
"366","1030","Kathmandu Airport","Kathmandu","2018","04","26","0"
"366","1030","Kathmandu Airport","Kathmandu","2018","04","27","2.2"
"366","1030","Kathmandu Airport","Kathmandu","2018","04","28","33"
"366","1030","Kathmandu Airport","Kathmandu","2018","04","29","6.3"
"366","1030","Kathmandu Airport","Kathmandu","2018","04","30","0.3"
"366","1030","Kathmandu Airport","Kathmandu","2018","05","01","0"
"366","1030","Kathmandu Airport","Kathmandu","2018","05","02","13"
"366","1030","Kathmandu Airport","Kathmandu","2018","05","03","1.3"
"366","1030","Kathmandu Airport","Kathmandu","2018","05","04","1.6"
"366","1030","Kathmandu Airport","Kathmandu","2018","05","05","0.5"
"366","1030","Kathmandu Airport","Kathmandu","2018","05","06","0"
"366","1030","Kathmandu Airport","Kathmandu","2018","05","07","0"
"366","1030","Kathmandu Airport","Kathmandu","2018","05","08","0.6"
"366","1030","Kathmandu Airport","Kathmandu","2018","05","09","2.3"
"366","1030","Kathmandu Airport","Kathmandu","2018","05","10","0"
"366","1030","Kathmandu Airport","Kathmandu","2018","05","11","0"
"366","1030","Kathmandu Airport","Kathmandu","2018","05","12","0"
"366","1030","Kathmandu Airport","Kathmandu","2018","05","13","0"
"366","1030","Kathmandu Airport","Kathmandu","2018","05","14","21"
"366","1030","Kathmandu Airport","Kathmandu","2018","05","15","0.6"
"366","1030","Kathmandu Airport","Kathmandu","2018","05","16","0"
"366","1030","Kathmandu Airport","Kathmandu","2018","05","17","10"
"366","1030","Kathmandu Airport","Kathmandu","2018","05","18","0.3"
"366","1030","Kathmandu Airport","Kathmandu","2018","05","19","0"
"366","1030","Kathmandu Airport","Kathmandu","2018","05","20","10.6"
"366","1030","Kathmandu Airport","Kathmandu","2018","05","21","0"
"366","1030","Kathmandu Airport","Kathmandu","2018","05","22","7.5"
"366","1030","Kathmandu Airport","Kathmandu","2018","05","23","0"
"366","1030","Kathmandu Airport","Kathmandu","2018","05","24","16.3"
"366","1030","Kathmandu Airport","Kathmandu","2018","05","25","0.2"
"366","1030","Kathmandu Airport","Kathmandu","2018","05","26","0.5"
"366","1030","Kathmandu Airport","Kathmandu","2018","05","27","0"
"366","1030","Kathmandu Airport","Kathmandu","2018","05","28","0"
"366","1030","Kathmandu Airport","Kathmandu","2018","05","29","2.6"
"366","1030","Kathmandu Airport","Kathmandu","2018","05","30","42"
"366","1030","Kathmandu Airport","Kathmandu","2018","05","31","23.8"
"366","1030","Kathmandu Airport","Kathmandu","2018","06","01","7.1"
"366","1030","Kathmandu Airport","Kathmandu","2018","06","02","0.5"
"366","1030","Kathmandu Airport","Kathmandu","2018","06","03","0"
"366","1030","Kathmandu Airport","Kathmandu","2018","06","04","1"
"366","1030","Kathmandu Airport","Kathmandu","2018","06","05","42.5"
"366","1030","Kathmandu Airport","Kathmandu","2018","06","06","0"
"366","1030","Kathmandu Airport","Kathmandu","2018","06","07","69.9"
"366","1030","Kathmandu Airport","Kathmandu","2018","06","08","17.2"
"366","1030","Kathmandu Airport","Kathmandu","2018","06","09","0.2"
"366","1030","Kathmandu Airport","Kathmandu","2018","06","10","1.8"
"366","1030","Kathmandu Airport","Kathmandu","2018","06","11","0"
"366","1030","Kathmandu Airport","Kathmandu","2018","06","12","14.5"
"366","1030","Kathmandu Airport","Kathmandu","2018","06","13","0"
"366","1030","Kathmandu Airport","Kathmandu","2018","06","14","0"
"366","1030","Kathmandu Airport","Kathmandu","2018","06","15","7"
"366","1030","Kathmandu Airport","Kathmandu","2018","06","16","5.7"
"366","1030","Kathmandu Airport","Kathmandu","2018","06","17","10.8"
"366","1030","Kathmandu Airport","Kathmandu","2018","06","18","15.6"
"366","1030","Kathmandu Airport","Kathmandu","2018","06","19","0"
"366","1030","Kathmandu Airport","Kathmandu","2018","06","20","0"
"366","1030","Kathmandu Airport","Kathmandu","2018","06","21","2"
"366","1030","Kathmandu Airport","Kathmandu","2018","06","22","0"
"366","1030","Kathmandu Airport","Kathmandu","2018","06","23","5.8"
"366","1030","Kathmandu Airport","Kathmandu","2018","06","24","0.3"
"366","1030","Kathmandu Airport","Kathmandu","2018","06","25","8.8"
"366","1030","Kathmandu Airport","Kathmandu","2018","06","26","23.2"
"366","1030","Kathmandu Airport","Kathmandu","2018","06","27","2.5"
"366","1030","Kathmandu Airport","Kathmandu","2018","06","28","0"
"366","1030","Kathmandu Airport","Kathmandu","2018","06","29","0"
"366","1030","Kathmandu Airport","Kathmandu","2018","06","30","3.6"
"366","1030","Kathmandu Airport","Kathmandu","2018","07","01","4"
"366","1030","Kathmandu Airport","Kathmandu","2018","07","02","15"
"366","1030","Kathmandu Airport","Kathmandu","2018","07","03","33.2"
"366","1030","Kathmandu Airport","Kathmandu","2018","07","04","2"
"366","1030","Kathmandu Airport","Kathmandu","2018","07","05","0.3"
"366","1030","Kathmandu Airport","Kathmandu","2018","07","06","38"
"366","1030","Kathmandu Airport","Kathmandu","2018","07","07","0"
"366","1030","Kathmandu Airport","Kathmandu","2018","07","08","7.4"
"366","1030","Kathmandu Airport","Kathmandu","2018","07","09","18.3"
"366","1030","Kathmandu Airport","Kathmandu","2018","07","10","18"
"366","1030","Kathmandu Airport","Kathmandu","2018","07","11","20.2"
"366","1030","Kathmandu Airport","Kathmandu","2018","07","12","93.6"
"366","1030","Kathmandu Airport","Kathmandu","2018","07","13","5.2"
"366","1030","Kathmandu Airport","Kathmandu","2018","07","14","1.2"
"366","1030","Kathmandu Airport","Kathmandu","2018","07","15","17.3"
"366","1030","Kathmandu Airport","Kathmandu","2018","07","16","14.2"
"366","1030","Kathmandu Airport","Kathmandu","2018","07","17","0"
"366","1030","Kathmandu Airport","Kathmandu","2018","07","18","0"
"366","1030","Kathmandu Airport","Kathmandu","2018","07","19","0.2"
"366","1030","Kathmandu Airport","Kathmandu","2018","07","20","16.6"
"366","1030","Kathmandu Airport","Kathmandu","2018","07","21","17.4"
"366","1030","Kathmandu Airport","Kathmandu","2018","07","22","3.2"
"366","1030","Kathmandu Airport","Kathmandu","2018","07","23","29.4"
"366","1030","Kathmandu Airport","Kathmandu","2018","07","24","0"
"366","1030","Kathmandu Airport","Kathmandu","2018","07","25","33"
"366","1030","Kathmandu Airport","Kathmandu","2018","07","26","3.6"
"366","1030","Kathmandu Airport","Kathmandu","2018","07","27","6.4"
"366","1030","Kathmandu Airport","Kathmandu","2018","07","28","3.5"
"366","1030","Kathmandu Airport","Kathmandu","2018","07","29","3.6"
"366","1030","Kathmandu Airport","Kathmandu","2018","07","30","3.8"
"366","1030","Kathmandu Airport","Kathmandu","2018","07","31","0.3"
"366","1030","Kathmandu Airport","Kathmandu","2018","08","01","15"
"366","1030","Kathmandu Airport","Kathmandu","2018","08","02","15"
"366","1030","Kathmandu Airport","Kathmandu","2018","08","03","4.2"
"366","1030","Kathmandu Airport","Kathmandu","2018","08","04","6"
"366","1030","Kathmandu Airport","Kathmandu","2018","08","05","32.2"
"366","1030","Kathmandu Airport","Kathmandu","2018","08","06","44"
"366","1030","Kathmandu Airport","Kathmandu","2018","08","07","7.2"
"366","1030","Kathmandu Airport","Kathmandu","2018","08","08","13.3"
"366","1030","Kathmandu Airport","Kathmandu","2018","08","09","0.6"
"366","1030","Kathmandu Airport","Kathmandu","2018","08","10","18.3"
"366","1030","Kathmandu Airport","Kathmandu","2018","08","11","45.6"
"366","1030","Kathmandu Airport","Kathmandu","2018","08","12","0"
"366","1030","Kathmandu Airport","Kathmandu","2018","08","13","6.4"
"366","1030","Kathmandu Airport","Kathmandu","2018","08","14","12.6"
"366","1030","Kathmandu Airport","Kathmandu","2018","08","15","37.2"
"366","1030","Kathmandu Airport","Kathmandu","2018","08","16","13.2"
"366","1030","Kathmandu Airport","Kathmandu","2018","08","17","1"
"366","1030","Kathmandu Airport","Kathmandu","2018","08","18","13.5"
"366","1030","Kathmandu Airport","Kathmandu","2018","08","19","5.6"
"366","1030","Kathmandu Airport","Kathmandu","2018","08","20","1.1"
"366","1030","Kathmandu Airport","Kathmandu","2018","08","21","0.7"
"366","1030","Kathmandu Airport","Kathmandu","2018","08","22","9.2"
"366","1030","Kathmandu Airport","Kathmandu","2018","08","23","6.4"
"366","1030","Kathmandu Airport","Kathmandu","2018","08","24","15.8"
"366","1030","Kathmandu Airport","Kathmandu","2018","08","25","10.4"
"366","1030","Kathmandu Airport","Kathmandu","2018","08","26","1.8"
"366","1030","Kathmandu Airport","Kathmandu","2018","08","27","0.6"
"366","1030","Kathmandu Airport","Kathmandu","2018","08","28","38.2"
"366","1030","Kathmandu Airport","Kathmandu","2018","08","29","3"
"366","1030","Kathmandu Airport","Kathmandu","2018","08","30","23.9"
"366","1030","Kathmandu Airport","Kathmandu","2018","08","31","0.8"
"366","1030","Kathmandu Airport","Kathmandu","2018","09","01","1.8"
"366","1030","Kathmandu Airport","Kathmandu","2018","09","02","28.3"
"366","1030","Kathmandu Airport","Kathmandu","2018","09","03","0.4"
"366","1030","Kathmandu Airport","Kathmandu","2018","09","04","0"
"366","1030","Kathmandu Airport","Kathmandu","2018","09","05","0"
"366","1030","Kathmandu Airport","Kathmandu","2018","09","06","9.8"
"366","1030","Kathmandu Airport","Kathmandu","2018","09","07","34.5"
"366","1030","Kathmandu Airport","Kathmandu","2018","09","08","0"
"366","1030","Kathmandu Airport","Kathmandu","2018","09","09","0"
"366","1030","Kathmandu Airport","Kathmandu","2018","09","10","5.7"
"366","1030","Kathmandu Airport","Kathmandu","2018","09","11","10.9"
"366","1030","Kathmandu Airport","Kathmandu","2018","09","12","0.6"
"366","1030","Kathmandu Airport","Kathmandu","2018","09","13","0"
"366","1030","Kathmandu Airport","Kathmandu","2018","09","14","3"
"366","1030","Kathmandu Airport","Kathmandu","2018","09","15","0"
"366","1030","Kathmandu Airport","Kathmandu","2018","09","16","0.2"
"366","1030","Kathmandu Airport","Kathmandu","2018","09","17","0.5"
"366","1030","Kathmandu Airport","Kathmandu","2018","09","18","0"
"366","1030","Kathmandu Airport","Kathmandu","2018","09","19","0"
"366","1030","Kathmandu Airport","Kathmandu","2018","09","20","24"
"366","1030","Kathmandu Airport","Kathmandu","2018","09","21","5.4"
"366","1030","Kathmandu Airport","Kathmandu","2018","09","22","0.6"
"366","1030","Kathmandu Airport","Kathmandu","2018","09","23","0.9"
"366","1030","Kathmandu Airport","Kathmandu","2018","09","24","0"
"366","1030","Kathmandu Airport","Kathmandu","2018","09","25","0"
"366","1030","Kathmandu Airport","Kathmandu","2018","09","26","0"
"366","1030","Kathmandu Airport","Kathmandu","2018","09","27","0"
"366","1030","Kathmandu Airport","Kathmandu","2018","09","28","0"
"366","1030","Kathmandu Airport","Kathmandu","2018","09","29","0"
"366","1030","Kathmandu Airport","Kathmandu","2018","09","30","0"
"366","1030","Kathmandu Airport","Kathmandu","2018","10","01","0"
"366","1030","Kathmandu Airport","Kathmandu","2018","10","02","0"
"366","1030","Kathmandu Airport","Kathmandu","2018","10","03","0"
"366","1030","Kathmandu Airport","Kathmandu","2018","10","04","0"
"366","1030","Kathmandu Airport","Kathmandu","2018","10","05","0"
"366","1030","Kathmandu Airport","Kathmandu","2018","10","06","0"
"366","1030","Kathmandu Airport","Kathmandu","2018","10","07","2.3"
"366","1030","Kathmandu Airport","Kathmandu","2018","10","08","9.1"
"366","1030","Kathmandu Airport","Kathmandu","2018","10","09","0"
"366","1030","Kathmandu Airport","Kathmandu","2018","10","10","0"
"366","1030","Kathmandu Airport","Kathmandu","2018","10","11","0.5"
"366","1030","Kathmandu Airport","Kathmandu","2018","10","12","0"
"366","1030","Kathmandu Airport","Kathmandu","2018","10","13","0"
"366","1030","Kathmandu Airport","Kathmandu","2018","10","14","0"
"366","1030","Kathmandu Airport","Kathmandu","2018","10","15","0"
"366","1030","Kathmandu Airport","Kathmandu","2018","10","16","0"
"366","1030","Kathmandu Airport","Kathmandu","2018","10","17","0"
"366","1030","Kathmandu Airport","Kathmandu","2018","10","18","0"
"366","1030","Kathmandu Airport","Kathmandu","2018","10","19","0"
"366","1030","Kathmandu Airport","Kathmandu","2018","10","20","0"
"366","1030","Kathmandu Airport","Kathmandu","2018","10","21","0"
"366","1030","Kathmandu Airport","Kathmandu","2018","10","22","0"
"366","1030","Kathmandu Airport","Kathmandu","2018","10","23","0"
"366","1030","Kathmandu Airport","Kathmandu","2018","10","24","0"
"366","1030","Kathmandu Airport","Kathmandu","2018","10","25","0"
"366","1030","Kathmandu Airport","Kathmandu","2018","10","26","0"
"366","1030","Kathmandu Airport","Kathmandu","2018","10","27","0"
"366","1030","Kathmandu Airport","Kathmandu","2018","10","28","0"
"366","1030","Kathmandu Airport","Kathmandu","2018","10","29","0"
"366","1030","Kathmandu Airport","Kathmandu","2018","10","30","0"
"366","1030","Kathmandu Airport","Kathmandu","2018","10","31","0"
"366","1030","Kathmandu Airport","Kathmandu","2018","11","01","0"
"366","1030","Kathmandu Airport","Kathmandu","2018","11","02","0"
"366","1030","Kathmandu Airport","Kathmandu","2018","11","03","0"
"366","1030","Kathmandu Airport","Kathmandu","2018","11","04","0"
"366","1030","Kathmandu Airport","Kathmandu","2018","11","05","0"
"366","1030","Kathmandu Airport","Kathmandu","2018","11","06","0"
"366","1030","Kathmandu Airport","Kathmandu","2018","11","07","0"
"366","1030","Kathmandu Airport","Kathmandu","2018","11","08","0"
"366","1030","Kathmandu Airport","Kathmandu","2018","11","09","0"
"366","1030","Kathmandu Airport","Kathmandu","2018","11","10","0"
"366","1030","Kathmandu Airport","Kathmandu","2018","11","11","0"
"366","1030","Kathmandu Airport","Kathmandu","2018","11","12","0"
"366","1030","Kathmandu Airport","Kathmandu","2018","11","13","0"
"366","1030","Kathmandu Airport","Kathmandu","2018","11","14","0"
"366","1030","Kathmandu Airport","Kathmandu","2018","11","15","0"
"366","1030","Kathmandu Airport","Kathmandu","2018","11","16","0"
"366","1030","Kathmandu Airport","Kathmandu","2018","11","17","0"
"366","1030","Kathmandu Airport","Kathmandu","2018","11","18","0"
"366","1030","Kathmandu Airport","Kathmandu","2018","11","19","0"
"366","1030","Kathmandu Airport","Kathmandu","2018","11","20","0"
"366","1030","Kathmandu Airport","Kathmandu","2018","11","21","0"
"366","1030","Kathmandu Airport","Kathmandu","2018","11","22","0"
"366","1030","Kathmandu Airport","Kathmandu","2018","11","23","0"
"366","1030","Kathmandu Airport","Kathmandu","2018","11","24","0"
"366","1030","Kathmandu Airport","Kathmandu","2018","11","25","0"
"366","1030","Kathmandu Airport","Kathmandu","2018","11","26","0"
"366","1030","Kathmandu Airport","Kathmandu","2018","11","27","0"
"366","1030","Kathmandu Airport","Kathmandu","2018","11","28","0"
"366","1030","Kathmandu Airport","Kathmandu","2018","11","29","0"
"366","1030","Kathmandu Airport","Kathmandu","2018","11","30","0"
"366","1030","Kathmandu Airport","Kathmandu","2018","12","01","0"
"366","1030","Kathmandu Airport","Kathmandu","2018","12","02","0"
"366","1030","Kathmandu Airport","Kathmandu","2018","12","03","0"
"366","1030","Kathmandu Airport","Kathmandu","2018","12","04","0"
"366","1030","Kathmandu Airport","Kathmandu","2018","12","05","0"
"366","1030","Kathmandu Airport","Kathmandu","2018","12","06","0"
"366","1030","Kathmandu Airport","Kathmandu","2018","12","07","0"
"366","1030","Kathmandu Airport","Kathmandu","2018","12","08","0"
"366","1030","Kathmandu Airport","Kathmandu","2018","12","09","0"
"366","1030","Kathmandu Airport","Kathmandu","2018","12","10","0"
"366","1030","Kathmandu Airport","Kathmandu","2018","12","11","0"
"366","1030","Kathmandu Airport","Kathmandu","2018","12","12","0"
"366","1030","Kathmandu Airport","Kathmandu","2018","12","13","0"
"366","1030","Kathmandu Airport","Kathmandu","2018","12","14","0"
"366","1030","Kathmandu Airport","Kathmandu","2018","12","15","0"
"366","1030","Kathmandu Airport","Kathmandu","2018","12","16","0"
"366","1030","Kathmandu Airport","Kathmandu","2018","12","17","0"
"366","1030","Kathmandu Airport","Kathmandu","2018","12","18","0"
"366","1030","Kathmandu Airport","Kathmandu","2018","12","19","0"
"366","1030","Kathmandu Airport","Kathmandu","2018","12","20","0"
"366","1030","Kathmandu Airport","Kathmandu","2018","12","21","0"
"366","1030","Kathmandu Airport","Kathmandu","2018","12","22","0"
"366","1030","Kathmandu Airport","Kathmandu","2018","12","23","0"
"366","1030","Kathmandu Airport","Kathmandu","2018","12","24","0"
"366","1030","Kathmandu Airport","Kathmandu","2018","12","25","0"
"366","1030","Kathmandu Airport","Kathmandu","2018","12","26","0"
"366","1030","Kathmandu Airport","Kathmandu","2018","12","27","0"
"366","1030","Kathmandu Airport","Kathmandu","2018","12","28","0"
"366","1030","Kathmandu Airport","Kathmandu","2018","12","29","0"
"366","1030","Kathmandu Airport","Kathmandu","2018","12","30","0"
"366","1030","Kathmandu Airport","Kathmandu","2018","12","31","0"
"366","1030","Kathmandu Airport","Kathmandu","2019","01","01","0"
"366","1030","Kathmandu Airport","Kathmandu","2019","01","02","0"
"366","1030","Kathmandu Airport","Kathmandu","2019","01","03","0"
"366","1030","Kathmandu Airport","Kathmandu","2019","01","04","0"
"366","1030","Kathmandu Airport","Kathmandu","2019","01","05","0"
"366","1030","Kathmandu Airport","Kathmandu","2019","01","06","0"
"366","1030","Kathmandu Airport","Kathmandu","2019","01","07","0.6"
"366","1030","Kathmandu Airport","Kathmandu","2019","01","08","0"
"366","1030","Kathmandu Airport","Kathmandu","2019","01","09","0"
"366","1030","Kathmandu Airport","Kathmandu","2019","01","10","0"
"366","1030","Kathmandu Airport","Kathmandu","2019","01","11","0"
"366","1030","Kathmandu Airport","Kathmandu","2019","01","12","0"
"366","1030","Kathmandu Airport","Kathmandu","2019","01","13","0"
"366","1030","Kathmandu Airport","Kathmandu","2019","01","14","0"
"366","1030","Kathmandu Airport","Kathmandu","2019","01","15","0"
"366","1030","Kathmandu Airport","Kathmandu","2019","01","16","0"
"366","1030","Kathmandu Airport","Kathmandu","2019","01","17","0"
"366","1030","Kathmandu Airport","Kathmandu","2019","01","18","0"
"366","1030","Kathmandu Airport","Kathmandu","2019","01","19","0"
"366","1030","Kathmandu Airport","Kathmandu","2019","01","20","0"
"366","1030","Kathmandu Airport","Kathmandu","2019","01","21","0"
"366","1030","Kathmandu Airport","Kathmandu","2019","01","22","0"
"366","1030","Kathmandu Airport","Kathmandu","2019","01","23","10.1"
"366","1030","Kathmandu Airport","Kathmandu","2019","01","24","4.2"
"366","1030","Kathmandu Airport","Kathmandu","2019","01","25","0"
"366","1030","Kathmandu Airport","Kathmandu","2019","01","26","3.5"
"366","1030","Kathmandu Airport","Kathmandu","2019","01","27","0.7"
"366","1030","Kathmandu Airport","Kathmandu","2019","01","28","0"
"366","1030","Kathmandu Airport","Kathmandu","2019","01","29","0"
"366","1030","Kathmandu Airport","Kathmandu","2019","01","30","0"
"366","1030","Kathmandu Airport","Kathmandu","2019","01","31","0"
"366","1030","Kathmandu Airport","Kathmandu","2019","02","01","0"
"366","1030","Kathmandu Airport","Kathmandu","2019","02","02","0"
"366","1030","Kathmandu Airport","Kathmandu","2019","02","03","0"
"366","1030","Kathmandu Airport","Kathmandu","2019","02","04","0"
"366","1030","Kathmandu Airport","Kathmandu","2019","02","05","0"
"366","1030","Kathmandu Airport","Kathmandu","2019","02","06","0"
"366","1030","Kathmandu Airport","Kathmandu","2019","02","07","2.5"
"366","1030","Kathmandu Airport","Kathmandu","2019","02","08","18.3"
"366","1030","Kathmandu Airport","Kathmandu","2019","02","09","21.5"
"366","1030","Kathmandu Airport","Kathmandu","2019","02","10","7.7"
"366","1030","Kathmandu Airport","Kathmandu","2019","02","11","0"
"366","1030","Kathmandu Airport","Kathmandu","2019","02","12","0"
"366","1030","Kathmandu Airport","Kathmandu","2019","02","13","0"
"366","1030","Kathmandu Airport","Kathmandu","2019","02","14","0"
"366","1030","Kathmandu Airport","Kathmandu","2019","02","15","0"
"366","1030","Kathmandu Airport","Kathmandu","2019","02","16","0"
"366","1030","Kathmandu Airport","Kathmandu","2019","02","17","5"
"366","1030","Kathmandu Airport","Kathmandu","2019","02","18","0"
"366","1030","Kathmandu Airport","Kathmandu","2019","02","19","1.2"
"366","1030","Kathmandu Airport","Kathmandu","2019","02","20","0"
"366","1030","Kathmandu Airport","Kathmandu","2019","02","21","0"
"366","1030","Kathmandu Airport","Kathmandu","2019","02","22","0"
"366","1030","Kathmandu Airport","Kathmandu","2019","02","23","0"
"366","1030","Kathmandu Airport","Kathmandu","2019","02","24","0"
"366","1030","Kathmandu Airport","Kathmandu","2019","02","25","0"
"366","1030","Kathmandu Airport","Kathmandu","2019","02","26","0"
"366","1030","Kathmandu Airport","Kathmandu","2019","02","27","0"
"366","1030","Kathmandu Airport","Kathmandu","2019","02","28","29"
"366","1030","Kathmandu Airport","Kathmandu","2019","03","01","0"
"366","1030","Kathmandu Airport","Kathmandu","2019","03","02","0"
"366","1030","Kathmandu Airport","Kathmandu","2019","03","03","0"
"366","1030","Kathmandu Airport","Kathmandu","2019","03","04","0"
"366","1030","Kathmandu Airport","Kathmandu","2019","03","05","0"
"366","1030","Kathmandu Airport","Kathmandu","2019","03","06","0"
"366","1030","Kathmandu Airport","Kathmandu","2019","03","07","0"
"366","1030","Kathmandu Airport","Kathmandu","2019","03","08","0"
"366","1030","Kathmandu Airport","Kathmandu","2019","03","09","0"
"366","1030","Kathmandu Airport","Kathmandu","2019","03","10","0"
"366","1030","Kathmandu Airport","Kathmandu","2019","03","11","0"
"366","1030","Kathmandu Airport","Kathmandu","2019","03","12","0"
"366","1030","Kathmandu Airport","Kathmandu","2019","03","13","0"
"366","1030","Kathmandu Airport","Kathmandu","2019","03","14","0"
"366","1030","Kathmandu Airport","Kathmandu","2019","03","15","0"
"366","1030","Kathmandu Airport","Kathmandu","2019","03","16","0"
"366","1030","Kathmandu Airport","Kathmandu","2019","03","17","0"
"366","1030","Kathmandu Airport","Kathmandu","2019","03","18","0"
"366","1030","Kathmandu Airport","Kathmandu","2019","03","19","4"
"366","1030","Kathmandu Airport","Kathmandu","2019","03","20","11"
"366","1030","Kathmandu Airport","Kathmandu","2019","03","21","0.6"
"366","1030","Kathmandu Airport","Kathmandu","2019","03","22","0"
"366","1030","Kathmandu Airport","Kathmandu","2019","03","23","0"
"366","1030","Kathmandu Airport","Kathmandu","2019","03","24","0"
"366","1030","Kathmandu Airport","Kathmandu","2019","03","25","0"
"366","1030","Kathmandu Airport","Kathmandu","2019","03","26","5.8"
"366","1030","Kathmandu Airport","Kathmandu","2019","03","27","16"
"366","1030","Kathmandu Airport","Kathmandu","2019","03","28","0"
"366","1030","Kathmandu Airport","Kathmandu","2019","03","29","0"
"366","1030","Kathmandu Airport","Kathmandu","2019","03","30","0"
"366","1030","Kathmandu Airport","Kathmandu","2019","03","31","0"
"366","1030","Kathmandu Airport","Kathmandu","2019","04","01","3.5"
"366","1030","Kathmandu Airport","Kathmandu","2019","04","02","0"
"366","1030","Kathmandu Airport","Kathmandu","2019","04","03","0"
"366","1030","Kathmandu Airport","Kathmandu","2019","04","04","0"
"366","1030","Kathmandu Airport","Kathmandu","2019","04","05","3"
"366","1030","Kathmandu Airport","Kathmandu","2019","04","06","9.7"
"366","1030","Kathmandu Airport","Kathmandu","2019","04","07","6.8"
"366","1030","Kathmandu Airport","Kathmandu","2019","04","08","2.4"
"366","1030","Kathmandu Airport","Kathmandu","2019","04","09","5.5"
"366","1030","Kathmandu Airport","Kathmandu","2019","04","10","1.1"
"366","1030","Kathmandu Airport","Kathmandu","2019","04","11","0"
"366","1030","Kathmandu Airport","Kathmandu","2019","04","12","0"
"366","1030","Kathmandu Airport","Kathmandu","2019","04","13","0"
"366","1030","Kathmandu Airport","Kathmandu","2019","04","14","0"
"366","1030","Kathmandu Airport","Kathmandu","2019","04","15","4"
"366","1030","Kathmandu Airport","Kathmandu","2019","04","16","9"
"366","1030","Kathmandu Airport","Kathmandu","2019","04","17","6.5"
"366","1030","Kathmandu Airport","Kathmandu","2019","04","18","0.2"
"366","1030","Kathmandu Airport","Kathmandu","2019","04","19","0"
"366","1030","Kathmandu Airport","Kathmandu","2019","04","20","31.4"
"366","1030","Kathmandu Airport","Kathmandu","2019","04","21","0"
"366","1030","Kathmandu Airport","Kathmandu","2019","04","22","0.5"
"366","1030","Kathmandu Airport","Kathmandu","2019","04","23","5.6"
"366","1030","Kathmandu Airport","Kathmandu","2019","04","24","0"
"366","1030","Kathmandu Airport","Kathmandu","2019","04","25","3.4"
"366","1030","Kathmandu Airport","Kathmandu","2019","04","26","1.6"
"366","1030","Kathmandu Airport","Kathmandu","2019","04","27","8.6"
"366","1030","Kathmandu Airport","Kathmandu","2019","04","28","0"
"366","1030","Kathmandu Airport","Kathmandu","2019","04","29","0"
"366","1030","Kathmandu Airport","Kathmandu","2019","04","30","0"
"366","1030","Kathmandu Airport","Kathmandu","2019","05","01","2.5"
"366","1030","Kathmandu Airport","Kathmandu","2019","05","02","0"
"366","1030","Kathmandu Airport","Kathmandu","2019","05","03","6.2"
"366","1030","Kathmandu Airport","Kathmandu","2019","05","04","0"
"366","1030","Kathmandu Airport","Kathmandu","2019","05","05","0"
"366","1030","Kathmandu Airport","Kathmandu","2019","05","06","0"
"366","1030","Kathmandu Airport","Kathmandu","2019","05","07","0"
"366","1030","Kathmandu Airport","Kathmandu","2019","05","08","0"
"366","1030","Kathmandu Airport","Kathmandu","2019","05","09","0"
"366","1030","Kathmandu Airport","Kathmandu","2019","05","10","0"
"366","1030","Kathmandu Airport","Kathmandu","2019","05","11","0"
"366","1030","Kathmandu Airport","Kathmandu","2019","05","12","0"
"366","1030","Kathmandu Airport","Kathmandu","2019","05","13","7.8"
"366","1030","Kathmandu Airport","Kathmandu","2019","05","14","0"
"366","1030","Kathmandu Airport","Kathmandu","2019","05","15","1.2"
"366","1030","Kathmandu Airport","Kathmandu","2019","05","16","5.9"
"366","1030","Kathmandu Airport","Kathmandu","2019","05","17","0.7"
"366","1030","Kathmandu Airport","Kathmandu","2019","05","18","0"
"366","1030","Kathmandu Airport","Kathmandu","2019","05","19","1"
"366","1030","Kathmandu Airport","Kathmandu","2019","05","20","0"
"366","1030","Kathmandu Airport","Kathmandu","2019","05","21","0"
"366","1030","Kathmandu Airport","Kathmandu","2019","05","22","0"
"366","1030","Kathmandu Airport","Kathmandu","2019","05","23","3.5"
"366","1030","Kathmandu Airport","Kathmandu","2019","05","24","0"
"366","1030","Kathmandu Airport","Kathmandu","2019","05","25","0.2"
"366","1030","Kathmandu Airport","Kathmandu","2019","05","26","1.1"
"366","1030","Kathmandu Airport","Kathmandu","2019","05","27","0"
"366","1030","Kathmandu Airport","Kathmandu","2019","05","28","0"
"366","1030","Kathmandu Airport","Kathmandu","2019","05","29","0"
"366","1030","Kathmandu Airport","Kathmandu","2019","05","30","19.5"
"366","1030","Kathmandu Airport","Kathmandu","2019","05","31","5.5"
"366","1030","Kathmandu Airport","Kathmandu","2019","06","01","0"
"366","1030","Kathmandu Airport","Kathmandu","2019","06","02","12.5"
"366","1030","Kathmandu Airport","Kathmandu","2019","06","03","11.6"
"366","1030","Kathmandu Airport","Kathmandu","2019","06","04","0"
"366","1030","Kathmandu Airport","Kathmandu","2019","06","05","0"
"366","1030","Kathmandu Airport","Kathmandu","2019","06","06","0.2"
"366","1030","Kathmandu Airport","Kathmandu","2019","06","07","21.6"
"366","1030","Kathmandu Airport","Kathmandu","2019","06","08","0"
"366","1030","Kathmandu Airport","Kathmandu","2019","06","09","0"
"366","1030","Kathmandu Airport","Kathmandu","2019","06","10","4.3"
"366","1030","Kathmandu Airport","Kathmandu","2019","06","11","0"
"366","1030","Kathmandu Airport","Kathmandu","2019","06","12","0"
"366","1030","Kathmandu Airport","Kathmandu","2019","06","13","0"
"366","1030","Kathmandu Airport","Kathmandu","2019","06","14","0"
"366","1030","Kathmandu Airport","Kathmandu","2019","06","15","9.7"
"366","1030","Kathmandu Airport","Kathmandu","2019","06","16","0"
"366","1030","Kathmandu Airport","Kathmandu","2019","06","17","0"
"366","1030","Kathmandu Airport","Kathmandu","2019","06","18","14.5"
"366","1030","Kathmandu Airport","Kathmandu","2019","06","19","1.2"
"366","1030","Kathmandu Airport","Kathmandu","2019","06","20","0.9"
"366","1030","Kathmandu Airport","Kathmandu","2019","06","21","0"
"366","1030","Kathmandu Airport","Kathmandu","2019","06","22","7.5"
"366","1030","Kathmandu Airport","Kathmandu","2019","06","23","24.4"
"366","1030","Kathmandu Airport","Kathmandu","2019","06","24","2.5"
"366","1030","Kathmandu Airport","Kathmandu","2019","06","25","0"
"366","1030","Kathmandu Airport","Kathmandu","2019","06","26","0"
"366","1030","Kathmandu Airport","Kathmandu","2019","06","27","4.5"
"366","1030","Kathmandu Airport","Kathmandu","2019","06","28","5"
"366","1030","Kathmandu Airport","Kathmandu","2019","06","29","0"
"366","1030","Kathmandu Airport","Kathmandu","2019","06","30","6"
"366","1030","Kathmandu Airport","Kathmandu","2019","07","01","0"
"366","1030","Kathmandu Airport","Kathmandu","2019","07","02","28"
"366","1030","Kathmandu Airport","Kathmandu","2019","07","03","1.2"
"366","1030","Kathmandu Airport","Kathmandu","2019","07","04","0"
"366","1030","Kathmandu Airport","Kathmandu","2019","07","05","0"
"366","1030","Kathmandu Airport","Kathmandu","2019","07","06","2"
"366","1030","Kathmandu Airport","Kathmandu","2019","07","07","71.5"
"366","1030","Kathmandu Airport","Kathmandu","2019","07","08","5.3"
"366","1030","Kathmandu Airport","Kathmandu","2019","07","09","0.4"
"366","1030","Kathmandu Airport","Kathmandu","2019","07","10","15.4"
"366","1030","Kathmandu Airport","Kathmandu","2019","07","11","15.9"
"366","1030","Kathmandu Airport","Kathmandu","2019","07","12","50.7"
"366","1030","Kathmandu Airport","Kathmandu","2019","07","13","103.5"
"366","1030","Kathmandu Airport","Kathmandu","2019","07","14","1.3"
"366","1030","Kathmandu Airport","Kathmandu","2019","07","15","29.5"
"366","1030","Kathmandu Airport","Kathmandu","2019","07","16","6.5"
"366","1030","Kathmandu Airport","Kathmandu","2019","07","17","0"
"366","1030","Kathmandu Airport","Kathmandu","2019","07","18","51.7"
"366","1030","Kathmandu Airport","Kathmandu","2019","07","19","15"
"366","1030","Kathmandu Airport","Kathmandu","2019","07","20","33.2"
"366","1030","Kathmandu Airport","Kathmandu","2019","07","21","8.3"
"366","1030","Kathmandu Airport","Kathmandu","2019","07","22","0.5"
"366","1030","Kathmandu Airport","Kathmandu","2019","07","23","17.3"
"366","1030","Kathmandu Airport","Kathmandu","2019","07","24","5.8"
"366","1030","Kathmandu Airport","Kathmandu","2019","07","25","0"
"366","1030","Kathmandu Airport","Kathmandu","2019","07","26","0.2"
"366","1030","Kathmandu Airport","Kathmandu","2019","07","27","14"
"366","1030","Kathmandu Airport","Kathmandu","2019","07","28","8.2"
"366","1030","Kathmandu Airport","Kathmandu","2019","07","29","0"
"366","1030","Kathmandu Airport","Kathmandu","2019","07","30","0"
"366","1030","Kathmandu Airport","Kathmandu","2019","07","31","0"
"366","1030","Kathmandu Airport","Kathmandu","2019","08","01","0"
"366","1030","Kathmandu Airport","Kathmandu","2019","08","02","0"
"366","1030","Kathmandu Airport","Kathmandu","2019","08","03","3.8"
"366","1030","Kathmandu Airport","Kathmandu","2019","08","04","0"
"366","1030","Kathmandu Airport","Kathmandu","2019","08","05","10.4"
"366","1030","Kathmandu Airport","Kathmandu","2019","08","06","11.6"
"366","1030","Kathmandu Airport","Kathmandu","2019","08","07","23.8"
"366","1030","Kathmandu Airport","Kathmandu","2019","08","08","2.7"
"366","1030","Kathmandu Airport","Kathmandu","2019","08","09","0.5"
"366","1030","Kathmandu Airport","Kathmandu","2019","08","10","0"
"366","1030","Kathmandu Airport","Kathmandu","2019","08","11","20"
"366","1030","Kathmandu Airport","Kathmandu","2019","08","12","0"
"366","1030","Kathmandu Airport","Kathmandu","2019","08","13","16.8"
"366","1030","Kathmandu Airport","Kathmandu","2019","08","14","0.8"
"366","1030","Kathmandu Airport","Kathmandu","2019","08","15","0"
"366","1030","Kathmandu Airport","Kathmandu","2019","08","16","26"
"366","1030","Kathmandu Airport","Kathmandu","2019","08","17","12.2"
"366","1030","Kathmandu Airport","Kathmandu","2019","08","18","3.5"
"366","1030","Kathmandu Airport","Kathmandu","2019","08","19","9.4"
"366","1030","Kathmandu Airport","Kathmandu","2019","08","20","0.2"
"366","1030","Kathmandu Airport","Kathmandu","2019","08","21","4"
"366","1030","Kathmandu Airport","Kathmandu","2019","08","22","6.2"
"366","1030","Kathmandu Airport","Kathmandu","2019","08","23","0"
"366","1030","Kathmandu Airport","Kathmandu","2019","08","24","24.6"
"366","1030","Kathmandu Airport","Kathmandu","2019","08","25","8"
"366","1030","Kathmandu Airport","Kathmandu","2019","08","26","1.1"
"366","1030","Kathmandu Airport","Kathmandu","2019","08","27","4.5"
"366","1030","Kathmandu Airport","Kathmandu","2019","08","28","0"
"366","1030","Kathmandu Airport","Kathmandu","2019","08","29","0"
"366","1030","Kathmandu Airport","Kathmandu","2019","08","30","0"
"366","1030","Kathmandu Airport","Kathmandu","2019","08","31","36.4"
"366","1030","Kathmandu Airport","Kathmandu","2019","09","01","18.5"
"366","1030","Kathmandu Airport","Kathmandu","2019","09","02","0"
"366","1030","Kathmandu Airport","Kathmandu","2019","09","03","12.2"
"366","1030","Kathmandu Airport","Kathmandu","2019","09","04","62.8"
"366","1030","Kathmandu Airport","Kathmandu","2019","09","05","44"
"366","1030","Kathmandu Airport","Kathmandu","2019","09","06","21.8"
"366","1030","Kathmandu Airport","Kathmandu","2019","09","07","8.3"
"366","1030","Kathmandu Airport","Kathmandu","2019","09","08","0.5"
"366","1030","Kathmandu Airport","Kathmandu","2019","09","09","10.4"
"366","1030","Kathmandu Airport","Kathmandu","2019","09","10","0"
"366","1030","Kathmandu Airport","Kathmandu","2019","09","11","32"
"366","1030","Kathmandu Airport","Kathmandu","2019","09","12","13.6"
"366","1030","Kathmandu Airport","Kathmandu","2019","09","13","0.2"
"366","1030","Kathmandu Airport","Kathmandu","2019","09","14","5.8"
"366","1030","Kathmandu Airport","Kathmandu","2019","09","15","4"
"366","1030","Kathmandu Airport","Kathmandu","2019","09","16","3"
"366","1030","Kathmandu Airport","Kathmandu","2019","09","17","9.5"
"366","1030","Kathmandu Airport","Kathmandu","2019","09","18","26.4"
"366","1030","Kathmandu Airport","Kathmandu","2019","09","19","10.4"
"366","1030","Kathmandu Airport","Kathmandu","2019","09","20","0.1"
"366","1030","Kathmandu Airport","Kathmandu","2019","09","21","0"
"366","1030","Kathmandu Airport","Kathmandu","2019","09","22","1.2"
"366","1030","Kathmandu Airport","Kathmandu","2019","09","23","4.5"
"366","1030","Kathmandu Airport","Kathmandu","2019","09","24","6.8"
"366","1030","Kathmandu Airport","Kathmandu","2019","09","25","27.6"
"366","1030","Kathmandu Airport","Kathmandu","2019","09","26","28.8"
"366","1030","Kathmandu Airport","Kathmandu","2019","09","27","0.3"
"366","1030","Kathmandu Airport","Kathmandu","2019","09","28","4.2"
"366","1030","Kathmandu Airport","Kathmandu","2019","09","29","0.7"
"366","1030","Kathmandu Airport","Kathmandu","2019","09","30","0.4"
"366","1030","Kathmandu Airport","Kathmandu","2019","10","01","0"
"366","1030","Kathmandu Airport","Kathmandu","2019","10","02","0"
"366","1030","Kathmandu Airport","Kathmandu","2019","10","03","0"
"366","1030","Kathmandu Airport","Kathmandu","2019","10","04","0"
"366","1030","Kathmandu Airport","Kathmandu","2019","10","05","0"
"366","1030","Kathmandu Airport","Kathmandu","2019","10","06","0"
"366","1030","Kathmandu Airport","Kathmandu","2019","10","07","0"
"366","1030","Kathmandu Airport","Kathmandu","2019","10","08","0"
"366","1030","Kathmandu Airport","Kathmandu","2019","10","09","0"
"366","1030","Kathmandu Airport","Kathmandu","2019","10","10","0"
"366","1030","Kathmandu Airport","Kathmandu","2019","10","11","0"
"366","1030","Kathmandu Airport","Kathmandu","2019","10","12","0"
"366","1030","Kathmandu Airport","Kathmandu","2019","10","13","0"
"366","1030","Kathmandu Airport","Kathmandu","2019","10","14","0"
"366","1030","Kathmandu Airport","Kathmandu","2019","10","15","0"
"366","1030","Kathmandu Airport","Kathmandu","2019","10","16","0"
"366","1030","Kathmandu Airport","Kathmandu","2019","10","17","0"
"366","1030","Kathmandu Airport","Kathmandu","2019","10","18","0"
"366","1030","Kathmandu Airport","Kathmandu","2019","10","19","0"
"366","1030","Kathmandu Airport","Kathmandu","2019","10","20","0"
"366","1030","Kathmandu Airport","Kathmandu","2019","10","21","0"
"366","1030","Kathmandu Airport","Kathmandu","2019","10","22","0"
"366","1030","Kathmandu Airport","Kathmandu","2019","10","23","0"
"366","1030","Kathmandu Airport","Kathmandu","2019","10","24","0"
"366","1030","Kathmandu Airport","Kathmandu","2019","10","25","0"
"366","1030","Kathmandu Airport","Kathmandu","2019","10","26","0"
"366","1030","Kathmandu Airport","Kathmandu","2019","10","27","0"
"366","1030","Kathmandu Airport","Kathmandu","2019","10","28","0"
"366","1030","Kathmandu Airport","Kathmandu","2019","10","29","0"
"366","1030","Kathmandu Airport","Kathmandu","2019","10","30","0"
"366","1030","Kathmandu Airport","Kathmandu","2019","10","31","0"
"366","1030","Kathmandu Airport","Kathmandu","2019","11","01","0"
"366","1030","Kathmandu Airport","Kathmandu","2019","11","02","0"
"366","1030","Kathmandu Airport","Kathmandu","2019","11","03","0"
"366","1030","Kathmandu Airport","Kathmandu","2019","11","04","0"
"366","1030","Kathmandu Airport","Kathmandu","2019","11","05","0"
"366","1030","Kathmandu Airport","Kathmandu","2019","11","06","0"
"366","1030","Kathmandu Airport","Kathmandu","2019","11","07","0"
"366","1030","Kathmandu Airport","Kathmandu","2019","11","08","0"
"366","1030","Kathmandu Airport","Kathmandu","2019","11","09","0"
"366","1030","Kathmandu Airport","Kathmandu","2019","11","10","0"
"366","1030","Kathmandu Airport","Kathmandu","2019","11","11","0"
"366","1030","Kathmandu Airport","Kathmandu","2019","11","12","0"
"366","1030","Kathmandu Airport","Kathmandu","2019","11","13","0"
"366","1030","Kathmandu Airport","Kathmandu","2019","11","14","0"
"366","1030","Kathmandu Airport","Kathmandu","2019","11","15","0"
"366","1030","Kathmandu Airport","Kathmandu","2019","11","16","0"
"366","1030","Kathmandu Airport","Kathmandu","2019","11","17","0"
"366","1030","Kathmandu Airport","Kathmandu","2019","11","18","0"
"366","1030","Kathmandu Airport","Kathmandu","2019","11","19","0"
"366","1030","Kathmandu Airport","Kathmandu","2019","11","20","0"
"366","1030","Kathmandu Airport","Kathmandu","2019","11","21","0"
"366","1030","Kathmandu Airport","Kathmandu","2019","11","22","0"
"366","1030","Kathmandu Airport","Kathmandu","2019","11","23","0"
"366","1030","Kathmandu Airport","Kathmandu","2019","11","24","0"
"366","1030","Kathmandu Airport","Kathmandu","2019","11","25","0"
"366","1030","Kathmandu Airport","Kathmandu","2019","11","26","0"
"366","1030","Kathmandu Airport","Kathmandu","2019","11","27","0"
"366","1030","Kathmandu Airport","Kathmandu","2019","11","28","0"
"366","1030","Kathmandu Airport","Kathmandu","2019","11","29","0"
"366","1030","Kathmandu Airport","Kathmandu","2019","11","30","0"
"366","1030","Kathmandu Airport","Kathmandu","2019","12","01","0"
"366","1030","Kathmandu Airport","Kathmandu","2019","12","02","0"
"366","1030","Kathmandu Airport","Kathmandu","2019","12","03","0"
"366","1030","Kathmandu Airport","Kathmandu","2019","12","04","0"
"366","1030","Kathmandu Airport","Kathmandu","2019","12","05","0"
"366","1030","Kathmandu Airport","Kathmandu","2019","12","06","0"
"366","1030","Kathmandu Airport","Kathmandu","2019","12","07","0"
"366","1030","Kathmandu Airport","Kathmandu","2019","12","08","0"
"366","1030","Kathmandu Airport","Kathmandu","2019","12","09","0"
"366","1030","Kathmandu Airport","Kathmandu","2019","12","10","0"
"366","1030","Kathmandu Airport","Kathmandu","2019","12","11","0"
"366","1030","Kathmandu Airport","Kathmandu","2019","12","12","0"
"366","1030","Kathmandu Airport","Kathmandu","2019","12","13","0"
"366","1030","Kathmandu Airport","Kathmandu","2019","12","14","33.4"
"366","1030","Kathmandu Airport","Kathmandu","2019","12","15","0"
"366","1030","Kathmandu Airport","Kathmandu","2019","12","16","0"
"366","1030","Kathmandu Airport","Kathmandu","2019","12","17","0"
"366","1030","Kathmandu Airport","Kathmandu","2019","12","18","0"
"366","1030","Kathmandu Airport","Kathmandu","2019","12","19","0"
"366","1030","Kathmandu Airport","Kathmandu","2019","12","20","0"
"366","1030","Kathmandu Airport","Kathmandu","2019","12","21","0"
"366","1030","Kathmandu Airport","Kathmandu","2019","12","22","0"
"366","1030","Kathmandu Airport","Kathmandu","2019","12","23","0"
"366","1030","Kathmandu Airport","Kathmandu","2019","12","24","0"
"366","1030","Kathmandu Airport","Kathmandu","2019","12","25","0"
"366","1030","Kathmandu Airport","Kathmandu","2019","12","26","0"
"366","1030","Kathmandu Airport","Kathmandu","2019","12","27","0"
"366","1030","Kathmandu Airport","Kathmandu","2019","12","28","0"
"366","1030","Kathmandu Airport","Kathmandu","2019","12","29","0"
"366","1030","Kathmandu Airport","Kathmandu","2019","12","30","0"
"366","1030","Kathmandu Airport","Kathmandu","2019","12","31","0"
